ir_mean,ir_median,ir_std,ir_min,ir_max,ir_range,ir_skewness,ir_kurtosis,ir_num_peaks,ir_mean_peak_amplitude,ir_dominant_freq,ir_total_energy
52577.42603550296,52672.28614735878,494.4088175273391,51214.2952084005,53481.28790124356,2266.9926928430577,-0.67921147723351,-0.2342992178657463,56.0,52712.77045756542,0.005,110585206743905.31
54981.85294117648,55090.74790672205,331.8658515248336,52820.784885057416,55337.8661307648,2517.0812457073844,-3.197904905110025,13.477464504712197,55.0,55092.15413019762,0.005,120924571511542.64
61247.928994082846,61100.75101308468,344.70652252914795,60731.2761014021,61941.1774309324,1209.901329530294,0.3274493515732742,-1.373853793369174,54.0,61369.84965206829,0.005,150057105146035.53
60305.93491124261,60340.48622676343,213.48289961065788,59800.34544161864,60683.493785429775,883.1483438111391,-0.4069571551451611,-0.8826657694399302,41.0,60349.45240948246,0.005,145474054418698.28
60658.98823529412,60527.88458074255,324.5154761426045,60259.38223951256,61786.89900232069,1527.5167628081326,1.459665961604827,1.7202951066883996,51.0,60724.34361764329,0.005,147184726560952.3
61417.27976190476,61285.38549019114,537.3683577686559,60506.47167399016,62661.37074083395,2154.899066843784,0.425530075993289,-0.9957583940294596,44.0,61535.05431742736,0.005,150894840724160.28
55014.22619047619,54942.51590737501,313.8533617494114,54482.74837720548,55843.71038761961,1360.962010414136,0.5972107759038655,-0.5602424486578115,61.0,55056.40143402935,0.005,121066543490782.31
65989.66666666667,66030.83609554733,245.95406913517144,65268.67737413998,66403.54641213226,1134.8690379922773,-0.7329190295676962,-0.0468404224523513,50.0,66165.46023023,0.005,174187864007276.1
60161.0119047619,61465.37295897507,8385.017517787122,-4297.689291118644,65117.38686904621,69415.07616016486,-6.49320369134659,41.57796432399618,60.0,60786.83330224799,0.005,147586234887140.03
59560.142857142855,59577.09835754975,148.71027523639603,59095.396573563776,59922.61497266504,827.2183991012644,-0.3525030375823145,0.1465394244196058,47.0,59669.37284371866,0.02,141897309276369.0
62535.27976190476,62608.79445467312,364.05140371934897,61225.884504450245,63079.376469800416,1853.491965350171,-1.057859896203616,0.8338826514586701,45.0,62773.18537596642,0.005,156431749932969.78
66641.73809523809,66633.5254294631,124.70541222591298,66378.01897272363,66902.39766990555,524.3786971819209,-0.1511195641521416,-0.7179138666914526,56.0,66670.8840579566,0.005,177645472311765.94
65949.49404761905,65751.5031408302,385.5391878478184,65498.96289593844,67309.00000000001,1810.0371040615792,1.5725964323599355,2.0567576293114085,57.0,65952.45244419212,0.005,173979376224092.3
65006.482142857145,64992.42569761969,76.01270147716201,64860.14698756779,65285.49541557769,425.3484280099001,1.3602963077779853,2.461645081121593,53.0,65019.06960145036,0.005,169033939940815.62
63701.79761904762,63719.51014213124,196.70415534686916,62994.14962254458,64063.31561311714,1069.165990572561,-0.930236312349359,1.0866790678254068,36.0,63810.14042133856,0.005,162318308496913.22
56165.26627218935,55829.75231411765,613.5735900451538,55279.13427112132,57389.806670815946,2110.672399694624,0.5197759772676406,-1.3739607861998375,47.0,56197.11576576186,0.005,126196544319053.28
55445.4852071006,55286.72704790381,689.3565485034619,54401.16991910756,56903.147754965816,2501.9778358582557,0.4431985188254178,-1.1977423142434611,55.0,55539.21124389283,0.005,122987081692071.08
53340.43195266273,53228.37564490411,421.6589066238733,52950.82469711362,55609.27172969889,2658.4470325852744,3.4875426567398757,13.955329801870157,63.0,53438.18031107227,0.005,113815179085207.14
51093.763313609474,51084.388665300765,143.4350466887573,50760.53062645912,51525.41522087519,764.8845944160712,0.316386378116565,-0.2791216677637278,45.0,51141.94648129659,0.005,104423728926390.58
54025.04733727811,53907.64164430235,400.0138726980607,53357.98000748983,55555.20367126603,2197.223663776196,1.1951651354698656,1.4285390183740807,51.0,54067.05577993087,0.005,116754630035739.69
58458.76923076923,58390.21288508773,351.7526026785372,57493.400391191804,59167.26439722548,1673.8640060336766,-0.0804639616174257,-0.6007876554415232,47.0,58516.980510006586,0.005,136702057194792.94
57730.64497041421,57835.730862612,291.5639596950288,57050.989688526766,58207.17881273508,1156.1891242083148,-0.8041763157959241,-0.4850760840158674,51.0,57830.98200485446,0.005,133316495129704.14
53008.017751479296,53126.22275778075,497.4560784438551,51387.28407875748,53810.86810695781,2423.5840282003264,-1.1095903559927878,0.704295716865722,52.0,53152.75650276367,0.005,112403896339644.94
56267.96449704142,56202.491862229705,246.27318966270292,55742.93763766809,56839.00000000003,1096.062362331941,0.243847487437975,-1.013094584182946,59.0,56301.86282939973,0.005,126645779164970.44
53262.93491124261,53200.59242213778,239.34111088797215,52844.49534808911,53907.89997874059,1063.4046306514865,0.5568784768439322,-0.5104740688553591,54.0,53283.29306817622,0.005,113479900781065.12
54738.96449704142,54700.399475642334,204.85289550971004,54427.85887888193,55127.76721825216,699.9083393702313,0.2507609736010843,-1.3610998839774726,52.0,54755.62180336992,0.005,119855847956686.4
55712.84615384616,55855.91271804947,541.3800358299774,54256.268222866245,56481.67246061775,2225.404237751507,-1.07788433892331,0.3185763640976247,40.0,55922.00981721239,0.005,124168572756213.06
58618.44378698224,58611.61366347637,67.86811592804823,58487.71665225647,58790.571729011805,302.85507675533154,0.1056937621974444,-0.751857935714284,52.0,58643.382782323526,0.01,137445062323550.28
54290.8402366864,54230.39866444921,201.30751133689807,53919.80504087082,54808.05747308601,888.2524322151876,0.7224972458719545,-0.3285220424626502,50.0,54341.14178377877,0.005,117901434332781.1
60050.313609467456,60109.314088586296,317.4285772407711,59297.314712798674,60791.37253406315,1494.057821264476,-0.3975201816669951,-0.6648547989758002,52.0,60163.95250220784,0.005,144245637019881.62
51651.02958579882,51809.56601775586,582.1507198854424,50498.08404953554,52532.68787166916,2034.603822133613,-0.2967192278200849,-1.3200962021007625,59.0,51776.09896934333,0.005,106726710269349.16
56863.579881656806,56867.53727875004,216.8469202321934,56250.01614733265,57371.02242796402,1121.0062806313726,-0.1921187881292723,-0.2944312835568929,49.0,57057.61892534345,0.18,129340549581775.14
52885.17751479291,52879.21640239444,144.08931883421158,52462.82175103306,53303.75540469297,840.9336536599149,0.1538914039741384,1.1508725928498291,54.0,52922.52220819098,0.01,111874510500118.38
60326.739644970425,60373.40485043279,185.14837396244695,59564.00000000004,60804.4018532019,1240.4018532018672,-1.4520622894998154,2.8475944031256173,52.0,60387.74676003691,0.005,145573991844497.12
57036.49112426036,56888.012880965965,446.1553994448213,56212.89315274338,57842.03007409012,1629.1369213467333,0.2744988124369257,-1.195035021215254,55.0,57089.24112565239,0.005,130134414976331.48
57375.36094674555,57368.80632477346,239.2305093029594,56792.43006725895,57972.68352517783,1180.2534579188796,0.0445516627451213,-0.4091487454130154,58.0,57490.00213555635,0.005,131679571000236.72
60449.17751479291,60497.55830200459,214.9851608276048,59845.18673042557,60853.44999247467,1008.2632620490986,-0.4968040582719056,-0.7228217468818539,49.0,60522.5088310387,0.005,146165971233372.8
53056.85798816568,53071.0329022384,568.2189999495331,51699.86283272052,54113.2440636643,2413.3812309437853,-0.2407997193532209,-0.5568255735672523,45.0,53155.40669869181,0.005,112614122096331.34
54496.90532544381,54508.64336989694,178.8289071122953,54090.46604168901,54929.6160918817,839.150050192693,0.024617199157003,-0.129168095898045,50.0,54531.89138764233,0.005,118797786793136.14
58995.55621301776,58900.22323630896,560.0867310054578,57877.80702380544,60996.97877344801,3119.171749642577,1.0008505261172316,1.269115898328706,50.0,59243.58051472714,0.015,139231574001183.44
60786.668639053256,60782.96275703224,215.12687110934476,60328.38138926614,61340.70120096068,1012.319811694535,0.1470006845836082,-0.5619550676293827,39.0,61035.7107851417,0.005,147802614552189.34
60475.55029585799,60437.73435692792,163.18388767932512,60047.07688702098,60898.07215955783,850.9952725368494,1.0625098263084514,1.0413619220916983,46.0,60527.67890901708,0.015,146292752502721.94
52833.47928994083,52749.77621755576,349.8213591233483,52266.58794832518,54044.13324438746,1777.545296062286,0.962145965290362,0.7903367315637104,48.0,52924.305608833005,0.005,111659956354556.28
56896.05325443787,56934.42175226336,334.58233718956126,56089.665447346255,57548.41323017698,1458.7477828307235,-0.1300257910613781,-0.9122790151146368,51.0,56934.49936477865,0.005,129490912850887.6
61858.09467455622,61829.068346435626,291.8566204400989,61423.96552309263,62614.14846311546,1190.1829400228307,0.2812297309299087,-1.1071590179655768,43.0,61960.25910589201,0.005,153060362282130.2
56991.08875739645,57024.3867984275,126.9376604358091,56549.52883714593,57194.59836508846,645.0695279425272,-1.184964972484836,0.9660181477941348,54.0,57039.32744009568,0.005,129920012436923.1
53127.7100591716,53161.465924166856,221.70448897430344,52468.54574780421,53660.0674624311,1191.5217146268917,-0.3220104624706263,-0.2653235606377118,39.0,53337.333965708,0.14,112904109160473.31
57519.72189349113,57373.64303872583,313.16636341963925,56916.0193378925,58269.00000000004,1352.9806621075331,0.6389179092616074,-0.8522037927791888,49.0,57570.17963772041,0.005,132344659195029.6
55979.07100591716,55972.46136462488,336.4360120802067,55368.17261767567,57067.06824735636,1698.8956296806864,0.3006258668107774,-0.1216269372443843,52.0,56006.005560116144,0.005,125350783195029.62
61210.14201183432,61213.648894642974,269.51025703896033,60654.20372512781,61733.89542883574,1079.691703707933,-0.0536804039337703,-1.1089865361764342,62.0,61316.2426825458,0.005,149870164835503.0
54822.928994082846,54797.185926308855,198.95206445836044,54446.30057954342,55339.81274282059,893.5121632771697,0.2603554992040362,-0.9424688338746288,47.0,54858.03838322474,0.005,120223725016568.08
57063.85798816568,57448.28325208184,732.4121070992296,55197.46638849095,57947.49273696396,2750.0263484730094,-1.1006801461340978,-0.0766055966431009,62.0,57213.44495555495,0.005,130272812639526.69
52137.31952662723,52070.3583654722,310.4154378515681,51369.21663534032,52722.37551884808,1353.1588835077564,0.0766087695282061,-0.9843305774203696,37.0,52189.8717236152,0.015,108735857806627.2
61251.05325443787,61261.6546656718,158.87955545096395,60654.1531857079,61519.10175761252,864.9485719046133,-0.5873546199123554,0.4359022484231816,43.0,61321.00611144109,0.005,150068670699644.97
58752.668639053256,58742.18993646184,73.7384408266417,58592.55632522125,58980.6310232836,388.0746980623517,0.6487599844441787,0.3095312933258642,51.0,58794.6277399207,0.005,138075260382721.88
58982.78698224853,58988.40271366108,165.51369437543417,58455.615808054,59297.3930869812,841.7772789271985,-0.3496764148679323,-0.1750577438879017,49.0,59006.38816752828,0.01,139159862199053.28
44660.65088757397,44366.01744927671,1771.8593089364886,41431.48256202675,48912.59999388493,7481.117431858176,0.1929696271738354,-0.975506577483332,35.0,44714.362574897685,0.005,79908528924497.0
55166.07692307694,55313.463582444405,502.0312939631767,53825.45678500006,55817.02912762814,1991.572342628082,-0.6521055547935554,-0.6053400858350564,47.0,55301.15120662374,0.005,121741923140118.4
57106.88165680473,57137.82067595485,160.26316436684996,56870.269042093656,57451.07054452546,580.801502431801,0.2337919220286774,-1.2228085254019243,49.0,57138.18085822065,0.005,130448864673846.14
60929.63313609468,60981.36503335253,348.82459652192404,60069.791723873226,61535.00415101566,1465.2124271424327,-0.3288937656103936,-0.7375917513534183,53.0,60975.27809019709,0.005,148501674907929.0
56822.47928994084,56958.67471457448,276.3105424034356,56008.56329082093,57104.33343528736,1095.7701444664344,-0.9738113933505992,-0.1376945757155208,45.0,56911.069864375706,0.005,129154820006863.88
61548.757396449706,61468.493895971886,252.25387621718832,61038.796954509744,62295.16908011837,1256.3721256086285,1.0967356754431037,0.4788475713162805,51.0,61604.62537982644,0.005,151532526762603.56
54095.17751479291,54135.95027096704,165.3663080127777,53800.192277696486,54423.96078594826,623.7685082517783,-0.330245277648247,-1.105558309233449,45.0,54124.09069187893,0.005,117052623054911.23
52829.07692307693,53232.06022108375,1195.4488102751077,50601.80922776308,54390.64809564977,3788.8388678866895,-0.4531543430611152,-1.2753705246997464,42.0,52979.52311714773,0.005,111693618656094.72
57703.43195266273,57883.64102450531,572.1126604587035,55898.55279293384,58909.83064008221,3011.277847148376,-1.3680980518927597,1.6821061007153435,42.0,57847.38256822348,0.005,133200534880473.44
55891.869822485205,55865.77552467055,81.96828424374067,55730.10588217663,56083.34160356312,353.2357213864961,0.4227046921441332,-0.8569126393823772,58.0,55902.13926341231,0.005,124956313242130.16
52761.88165680473,52642.63282278567,537.7493841893921,51808.590472274125,53515.99414440762,1707.4036721334924,-0.0399193578976927,-1.2885871946445353,32.0,52822.53861318233,0.005,111364213214674.52
56252.05917159764,56263.23817785503,233.91460800043964,55620.49865525625,56724.05979016802,1103.5611349117753,-0.3803311163518361,-0.3582356146861576,43.0,56433.3858847348,0.01,126573955083550.23
53488.84615384616,53626.79968203671,410.16104500578473,52165.70192013195,54273.27825749209,2107.576337360144,-1.3576689699479092,1.1660064915847848,46.0,53583.12196256773,0.005,114448995798106.52
52144.24852071006,52180.91391779748,207.1100893849201,51629.45573426194,52502.10571701101,872.649982749077,-0.4046569004895325,-0.8997993464578924,54.0,52175.68720270373,0.005,108762621935147.92
56770.88165680473,56854.33068877887,539.9454039524027,55123.00000000003,58247.71505819773,3124.715058197704,-0.153194399573944,0.4082395553296312,49.0,56994.93302999021,0.005,128928981805207.12
55288.1952662722,55371.51999919881,494.88510743746247,54241.19229755892,55928.79877158125,1687.60647402233,-0.2607745183458119,-1.2981406498164232,44.0,55396.566112662,0.005,122281177882840.28
47969.23076923077,47749.363257786,729.5417058617801,46954.4294014273,50032.85724931061,3078.4278478833075,1.036764050368191,0.1125279926748898,37.0,48079.096335104216,0.01,92063173267692.28
58568.70414201183,58565.97202469486,77.46078248430346,58377.13919614112,58785.57048492964,408.4312887885171,0.107995956989491,-0.0260814692234929,51.0,58600.7855560025,0.02,137211964201893.5
63101.23668639053,63158.13304009178,329.2272333791445,62058.00000000005,63683.03812237748,1625.038122377424,-0.6653114790055836,0.0175153841214492,43.0,63223.818074259856,0.005,159274978476923.12
57888.91715976331,57869.517779297705,205.39741879188853,57593.97551883946,58625.29845079294,1031.3229319534803,0.6188035577480689,0.3944098214540199,41.0,57915.81580055621,0.005,134046756721183.4
53920.74556213016,53993.200333639164,314.34447673574647,53341.16645143942,55355.41869195275,2014.252240513328,0.2958352739520588,0.9013581551329336,49.0,53993.79279367812,0.005,116301824577041.42
51202.78106508877,51153.22338642884,261.5507564916417,50883.545573935946,51865.854643295614,982.3090693596678,0.9225368341512402,-0.1729625810270025,49.0,51222.59575269212,0.005,104871727903905.4
49862.52071005917,50337.73931459339,2093.829135998095,45062.39251171509,52852.96756488524,7790.575053170149,-0.8853294196493404,-0.1788191614257983,41.0,49872.47048712842,0.005,99626203680473.36
61828.86982248523,62018.9449471767,526.8575879353527,59724.16877037402,62556.65205299898,2832.483282624962,-1.9549968476245956,4.445732215684079,41.0,61980.385468335786,0.005,152923468897751.56
61311.22485207101,61450.623852631776,460.7117175844911,60147.98583267607,61887.78428295318,1739.7984502771142,-0.4999299148401473,-1.0270221519581235,40.0,61504.38561235075,0.005,150371141925917.2
45055.656804733735,45079.0929907222,1229.4271434907907,42793.22985013556,48894.69511868568,6101.4652685501205,0.4499894780954001,0.054234894609594,41.0,45307.05569999436,0.005,81260948048284.02
54894.319526627216,55879.39108938748,2555.481381886593,49429.67590077221,57565.08916520622,8135.413264434013,-0.7634810236183864,-0.8425825519122929,34.0,55501.21358469122,0.005,120796672055384.62
51050.224852071005,51058.47670233992,69.87196471675901,50823.1866008825,51277.01358620031,453.8269853178063,-0.7096314340423587,1.883108391407947,47.0,51069.08763984038,0.01,104245213581538.44
53082.39053254438,53172.75621403872,281.0081830901418,52043.69670811658,53462.841626648034,1419.144918531456,-1.4120169190660372,1.339641904368576,44.0,53119.836541311,0.005,112712766009940.84
54455.61538461539,54477.33745810257,281.66770887848014,53570.07556565958,55085.71181406626,1515.6362484066776,-0.5309189745313275,-0.1380800138690716,49.0,54548.4828804566,0.005,118619735344615.44
58966.34911242604,59099.76304506889,313.9271238157966,57951.40043833253,59302.67750436935,1351.2770660368187,-1.4046692868155013,1.0374034258023943,51.0,59043.3124150582,0.005,139085155115503.05
55780.609467455615,55425.00982008888,717.4808420626578,54762.50090484783,57497.0423788222,2734.541473974372,0.5509523189434616,-1.0552010968055947,45.0,56002.86014958437,0.005,124479646852781.08
58032.213017751485,58138.04853113131,617.9902065986508,55706.1451372129,58974.781191042486,3268.636053829585,-1.244083884634472,1.950533551777216,49.0,58232.14238368434,0.02,134724786385325.44
57554.56804733728,57547.16586754454,250.72906081587183,56972.71634937512,58284.25073997164,1311.53439059652,0.5801435966600305,0.8629188264007319,43.0,57628.56221401121,0.015,132503646727100.6
51177.30769230769,51250.63440755472,286.99495903042776,50542.85199351312,51779.66984493325,1236.8178514201354,-0.6471305800005664,-0.613220357949364,55.0,51241.64922093579,0.005,104767967549585.8
58609.863905325445,58662.7149350563,269.5915590243371,57974.41815706866,59148.99635965689,1174.578202588229,-0.3014742040288278,-0.7599026939849893,48.0,58657.98245726689,0.005,137407553064378.7
53386.14792899408,53377.30837197947,239.4199017617684,52943.369045806576,54056.000999733245,1112.6319539266697,0.2343447894868241,-0.9230768405667908,47.0,53439.226508239175,0.005,114005524503431.9
53386.14792899408,53377.30837197947,239.4199017617684,52943.369045806576,54056.000999733245,1112.6319539266697,0.2343447894868241,-0.9230768405667908,47.0,53439.226508239175,0.005,114005524503431.9
57724.35502958579,57837.88417441934,444.05546789717073,56357.497881991854,58441.68399219244,2084.186110200586,-0.79062668012268,-0.0825277495608758,47.0,57791.28619052839,0.005,133291933953609.48
60517.63313609468,60549.61083299105,181.6595302688556,60022.02880632888,60792.75352495445,770.7247186255772,-0.4487975654407676,-0.8628914427027254,60.0,60548.519241170354,0.005,146496676823195.25
58830.88165680473,58943.43397894396,278.19878841674665,58157.690361560846,59171.93477810962,1014.244416548776,-1.0012855106136125,-0.4024044614087665,53.0,58883.95436708324,0.005,138446001243313.6
56119.79289940828,56184.50663884837,341.69026210275933,55509.77206471485,56939.208339589706,1429.4362748748536,0.0376242039506367,-1.181479645416646,48.0,56107.32681279285,0.005,125981916292307.69
57596.44378698225,57613.1207902412,223.6629135800193,56873.70534122645,58076.35160099727,1202.6462597708232,-0.6333841526968323,0.3992207214719334,61.0,57652.05331307883,0.005,132696014480236.72
55555.1301775148,55614.76691570401,198.91164129326395,54996.3621898425,55850.66725774043,854.3050678979271,-0.5237729531636415,-0.7031044510067472,50.0,55606.86253767536,0.005,123456482195266.28
61283.42603550296,61287.98256739258,135.5866788730835,60897.49499276892,61545.72396660058,648.2289738316613,-0.3064697355998108,-0.4222178254953266,45.0,61322.41266860141,0.005,150227067615857.97
45773.4201183432,45781.87899868849,876.0401262445218,44414.73310886602,48026.58912604878,3611.856017182756,0.4054795085448561,-0.567465306459431,32.0,45968.31659185476,0.005,83838937425325.47
57118.2721893491,56896.921150434806,1050.848998772253,54970.577249430455,59583.41489375852,4612.837644328065,0.5323845713900884,-0.7211946550385355,54.0,57143.03343658192,0.005,130544052060591.72
60988.041420118345,60885.10882061541,404.0066399804335,60122.62564276635,61893.40095156789,1770.7753088015452,0.5609235009955598,-0.3961148978675992,45.0,61050.41782679372,0.005,148788176705088.78
58580.15976331362,58624.90728973142,274.650985479382,56973.90209214389,59855.233164859375,2881.331072715482,-1.1143258427139642,7.616912267314095,46.0,58704.35328881805,0.005,137268422042366.84
59035.668639053256,59050.73116451374,250.98406847041107,58301.65766496759,59706.00000000004,1404.342335032445,-0.1922057552718449,-0.1306241704753876,56.0,59170.038907291695,0.015,139410926586508.88
47913.07692307693,50141.632920674325,8750.041469386093,-4164.342841784903,51840.057770074105,56004.40061185901,-4.509525608293091,19.625284182563405,71.0,48892.22461677545,0.005,94889046638106.56
58063.62721893491,58071.54485732633,345.5440399131254,57340.39775142129,58615.989257570014,1275.5915061487249,-0.1047243981388883,-1.3484543484077456,53.0,58140.42827702004,0.005,134860168260118.34
57891.958579881655,58523.9981520041,1663.5732140549335,52836.3471555575,60232.96375929444,7396.61660373694,-1.0072262136086871,0.4308179605295223,57.0,58065.80626979468,0.005,134169853762130.16
56015.12426035503,55901.48360084282,428.8562495571433,55359.339999209886,57211.165242617135,1851.8252434072488,0.9504217106920422,0.0438435345081131,63.0,56006.91631923442,0.005,125515122543431.95
54810.16568047337,54847.37572924244,466.220009019709,53526.626545283936,56112.39172983396,2585.7651845500222,-0.6140588644232231,0.5973197613052177,52.0,54835.51107594933,0.01,120174864920710.05
56977.775147929,56994.43864421848,320.48993056786287,56159.583274571065,57568.03888906642,1408.455614495353,-0.382141810613213,-1.0050351972134228,56.0,56998.668810588206,0.005,129862782984142.08
57054.775147929,57089.35261201768,154.34399173515075,56686.75325786278,57272.05401892016,585.3007610573768,-0.5579444733179921,-0.9341645805227992,48.0,57077.37404877185,0.005,130210847569940.86
60977.562130177525,61022.54071050849,470.55497636813,59472.42944067499,63130.14099522367,3657.711554548681,-0.0441332156319184,3.2360480221492303,52.0,61141.699594064834,0.015,148739380213017.78
54065.13609467456,54113.50282394828,182.56314251476624,53709.60295638328,54477.02600646603,767.4230500827543,-0.1892026648603129,-1.1345231071790738,49.0,54112.64412174606,0.005,116922890809467.44
54698.49704142012,54329.11563325533,1555.7031444526554,52827.31765954103,57320.09824857622,4492.780589035188,0.3444909768720026,-1.415196210898591,37.0,54574.72134973841,0.005,119773831634556.22
58909.76923076924,58796.2335492078,264.2407903149582,58448.19146849563,59585.99404434243,1137.8025758467993,0.8539543129808906,-0.1130134876805883,58.0,58930.411311324126,0.005,138817229360710.05
56841.25443786982,56873.97192563585,326.190491946837,56101.75218827141,57369.00000000006,1267.2478117286446,-0.2639346001259064,-1.155330656279697,52.0,56866.9160989329,0.005,129241384252307.7
45316.09467455622,45871.3575591347,3380.3528513042475,37601.88711270301,52684.64043273238,15082.75332002937,-0.5847678196783436,-0.3063859615539228,41.0,45847.32591567337,0.005,82599008878106.55
54225.11242603551,54684.45162708315,1399.0530332075502,48324.99696986918,55854.27078910973,7529.273819240552,-1.9582756957851952,3.978308392073568,44.0,54410.77648857888,0.005,117692806680236.77
53086.46153846154,53498.12611796116,1446.2762059528347,49388.762536358496,54586.18328415682,5197.420747798322,-1.2137255614311817,0.1880333815766568,39.0,52971.82034272016,0.005,112810564541538.48
55530.976331360944,55662.85354151216,448.2174814555994,54622.43755093189,56176.32636224971,1553.8888113178182,-0.5758531591961643,-0.98733060159703,54.0,55595.54819560927,0.005,123355609248994.14
59646.976331360944,59684.293575225376,346.7451181409577,58946.4105536486,60168.32792446885,1221.9173708202509,-0.2962530672880469,-1.244888845200259,49.0,59647.455170801135,0.005,142315280706035.53
57744.56213017752,58040.36890757456,1143.5460047915678,53731.65371384444,59302.60112612504,5570.947412280599,-1.0748447902878864,0.7724067471975848,46.0,57942.561011525984,0.005,133429686122840.22
56984.30769230768,57171.31244467797,418.456886286359,55415.24685580005,57445.5628260194,2030.315970219352,-1.4228066130696646,1.5522080597441086,47.0,57080.22684211536,0.005,129895457173491.06
50376.17159763314,50359.34367024968,293.8464964120887,49825.10781937465,50988.50038371468,1163.392564340029,0.3161034021119684,-0.8327944461425765,45.0,50419.83731428807,0.005,101513800423905.31
56060.011834319535,56063.98478394934,1029.3684108732575,52501.88402022012,57661.62161923709,5159.737599016975,-0.4697375757193245,0.0136579152467133,41.0,56284.90256255837,0.005,125751381047573.98
57153.1301775148,57117.12502333357,143.2831668202943,56904.95857723387,57716.257182742935,811.298605509066,1.4709756492393755,2.128682509565963,59.0,57190.520526207605,0.01,130660032766153.84
51480.79289940828,51468.439152012346,237.8846589326389,51072.3832800007,52248.83324242484,1176.4499624241362,1.0401142946217177,1.2238584049734067,49.0,51534.1122857864,0.01,106013145066508.86
51332.76923076924,51355.540104661166,209.4615243368424,50805.00000000003,51828.88074884048,1023.8807488404492,-0.3493032046065221,-0.1136204706521577,57.0,51390.18619142375,0.005,105403882841183.42
52514.26627218935,55928.30912397362,12460.548634719564,-2044.014784854832,57614.361945411314,59658.37673026614,-3.6337957930995066,11.679268468118966,76.0,53907.79411160186,0.005,116520537375384.6
59540.71597633136,59571.61374678618,204.75816832604048,58679.07212953246,60052.76809327001,1373.6959637375476,-1.1702649159244845,3.006888997305245,54.0,59582.3558538963,0.01,141805551395266.28
57016.46745562131,57520.77742603768,2067.957188950341,48615.287047219856,58542.77231504375,9927.48526782389,-2.522281044722442,6.117379949069736,42.0,57392.06804046374,0.01,130206160322130.2
57802.14792899408,57890.80566259476,325.7693606554554,56728.81129851926,58375.574682162944,1646.7633836436871,-1.4580671174215196,2.013111970582095,51.0,57890.361027264255,0.005,133647777235266.28
54855.18934911243,54745.37346448298,301.0289252730642,54270.88653828563,55455.78666943308,1184.9001311474494,0.5020571763984483,-1.077161820239178,39.0,54897.64924034823,0.005,120367296677633.14
51278.25443786982,51274.80550838127,167.55675642097475,50905.671362779074,52038.168856486416,1132.497493707342,0.7991846936736252,2.6199171248430604,53.0,51346.70304691532,0.01,105179498138461.58
56607.30769230769,56584.38525305412,198.26579494150536,56076.16149091487,57079.6456218835,1003.4841309686308,0.1531928462986106,-0.6452450071599656,50.0,56682.99584663793,0.005,128177063739881.64
62682.57396449704,62640.47628847376,294.8840241934424,62199.23251904774,63628.11910678037,1428.8865877326243,0.6571244083079747,0.0346731821632495,48.0,62827.00130303117,0.005,157167681416094.7
57574.31952662722,57581.19806846119,142.70407883361926,57163.76170175429,57803.84329791726,640.0815961629705,-0.2526882099268014,-0.8924991163293909,46.0,57629.23525896549,0.005,132592905336331.36
52232.11242603551,52063.53152149917,379.9568090053146,51695.59725067844,52951.3781315553,1255.7808808768605,0.6088884861753704,-1.190856855527794,52.0,52299.75420740769,0.005,109133517426508.92
60415.42603550296,60458.29718011005,277.12436408281616,59988.09718144534,61079.94404422602,1091.846862780687,0.1655084926099007,-0.9232491637707504,51.0,60422.45767428825,0.005,146004020038579.97
56236.52071005918,56267.54229790976,273.6255180484928,55552.09585564516,56699.10944092135,1147.013585276189,-0.6944457466454891,-0.2109878058737213,57.0,56256.398122285165,0.005,126504845299881.69
56580.91715976331,56671.780443657946,483.847724347679,55164.220934843215,57380.1850597716,2215.9641249283814,-0.8470925582222488,-0.0335417436669907,47.0,56708.02696514959,0.005,128065371810414.22
55527.71597633136,55216.64346142369,549.5861722702585,54771.00756997863,56884.95253864622,2113.944968667587,0.5474933978145287,-1.0945047856601515,51.0,55510.44692667069,0.005,123345171460355.05
57316.81656804733,57258.899137530185,224.0666547280148,56840.60802859244,57788.45500288924,947.8469742968008,0.3179475728210433,-1.045849931104689,52.0,57378.04352055016,0.005,131410706694437.88
57620.11834319528,57574.65392830144,147.16777112803692,57312.87183448167,57973.45820701687,660.5863725352028,0.547578193039846,-0.9059907498400775,61.0,57636.69887507629,0.005,132803987849467.52
53238.7278106509,53285.30531013232,158.04447503937612,52809.63280657736,53452.94085478821,643.3080482108562,-0.7058040038460702,-0.5467865345689389,60.0,53269.3663778648,0.005,113375484678106.58
53550.87573964497,53578.1530608869,62.69020244377236,53391.00072964522,53640.11363536587,249.112905720649,-0.8025205572585883,-0.6201730822367648,62.0,53563.3226507931,0.005,114708008901775.2
56337.85207100592,56310.027066838025,410.9531949174652,55695.4601544985,57409.0044017109,1713.544247212405,0.6880192334003754,-0.3304506025776987,46.0,56425.93565605927,0.005,126964898340118.34
53093.83431952663,53138.932181469165,138.80839804042452,52778.88756392474,53302.00262519813,523.1150612733909,-0.6748748633030867,-0.7982717694852148,54.0,53104.886214940896,0.005,112758980420828.4
56363.579881656806,56593.65608175429,822.8360077742852,54274.950852843736,57323.28139687283,3048.3305440290933,-1.1610264322466093,0.175847824881103,43.0,56556.16759792598,0.005,127101207846863.92
48629.52071005918,48797.553593503166,1344.9226197522976,45291.436914923055,50293.07746370721,5001.640548784155,-0.7967348262440728,-0.2470038432114907,52.0,48965.916009701774,0.005,94665564053727.84
53920.37278106509,53907.35185612718,217.4628243382953,53498.64380213527,54337.0096500292,838.3658478939251,-0.0460412690321593,-1.0709611653497184,56.0,53968.77146026461,0.005,116298155637159.77
56780.08875739645,56817.89175810053,163.60262994369015,56221.44225958705,57022.0666762812,800.6244166941469,-0.8141205308521566,-0.2834670892856326,51.0,56813.81436116053,0.005,128960209804733.72
54278.928994082846,54215.04618477824,332.8824547583911,53786.66795844289,55195.00000000003,1408.332041557136,0.6632090536184313,-0.2693959443454612,49.0,54312.36710479722,0.005,117852517738934.94
57367.78698224852,57355.47447270303,99.9019143623368,57145.47643562146,57620.5028663747,475.0264307532416,0.1933100202904314,-0.444913370906272,48.0,57410.47382369242,0.005,131642918545325.44
64115.6153846154,64219.48848336861,271.2118759508943,63603.83815936367,64430.33427143185,826.4961120681837,-0.6007672697205094,-1.2007172419557215,58.0,64168.13560736171,0.005,164435427681183.53
58216.5976331361,58416.89863994194,479.16057418404375,57036.55304305815,58777.95850431134,1741.4054612531909,-0.924414230051067,-0.3956807470187802,45.0,58280.65492859471,0.005,135576073393372.8
58800.11834319528,58819.21286957667,100.47342470430038,58520.85669971201,59009.43397459407,488.57727488206,-0.5640743558257744,-0.2878931917487528,49.0,58843.16510988142,0.005,138298560483313.69
53793.52662721894,53770.72256626503,169.51940647798472,53427.26425466329,54233.2258996262,805.9616449629029,0.5048310767912833,-0.2336040059413178,39.0,53895.95065963984,0.01,115750889752899.4
57379.49112426037,57370.0249850143,342.29595690070494,56512.06760449148,58090.43876309007,1578.3711585985875,-0.1078162616404139,-0.7985416195249435,52.0,57562.927516054166,0.005,131700926728047.36
62020.775147929,62116.44891194138,255.3780519965337,61358.10135135312,62427.49733743636,1069.3959860832474,-0.939782041338484,-0.1509304392748025,47.0,62067.7720507529,0.005,153865670715976.38
35515.86982248521,35527.18851275638,1025.45551470535,33373.24730785621,38168.5606995272,4795.313391670992,0.158435292715151,-0.7133801891846328,47.0,35667.8413617639,0.005,50497142730414.19
55569.05325443787,55730.18747372493,415.1757916742795,54590.41610939242,56142.57601209237,1552.1599026999538,-0.8361251142219286,-0.5553533597063223,50.0,55545.66010846888,0.005,123523682021301.8
58871.1301775148,60287.55003665423,3364.789277571792,50950.223533995806,62328.95193285871,11378.728398862906,-0.926448511818482,-0.5752054598182932,51.0,59220.807893134,0.005,139085271010414.2
44946.55029585799,44934.54999624301,676.1252720946038,43880.10831875361,46205.00000000005,2324.8916812464377,0.079809312699522,-1.3412665258464649,40.0,44951.04215373896,0.005,80825981155266.3
60187.284023668646,60215.11325336881,162.30088149880547,59837.81931698881,60486.86013603962,649.0408190508097,-0.2639989163172597,-0.8810751929549401,47.0,60204.06790247896,0.005,144901419988875.84
57982.39644970413,57977.83155624861,349.96228400226164,57143.35933924607,58619.689322469545,1476.329983223477,-0.1990391538307999,-1.1317351014545116,49.0,58085.307508706544,0.005,134483230866035.5
57060.08284023669,57062.69277248314,39.67745997165971,56951.834713720986,57139.57678085286,187.742067131876,-0.547443276342611,0.1011178892765443,56.0,57073.50700072058,0.01,130234185121420.12
52603.33727810651,52724.05826429889,285.0632212152798,52004.29039570713,53568.47617564004,1564.1857799329082,-0.0529932742834046,-0.4769489540417373,56.0,52640.60440104278,0.005,110687694153372.8
60491.96319018405,60632.56710036644,564.9541801234013,59404.81772485831,61459.56173023272,2054.744005374414,-0.3004807972239571,-1.2903760042328092,53.0,60593.74976454167,0.005,146383871353128.84
53951.94082840237,53918.465260201694,204.17427015517097,53662.03149479948,54652.16862713306,990.1371323335844,0.973835869731339,0.8366835844325888,49.0,54007.42234667024,0.005,116434144251360.95
55002.4201183432,54996.72392033832,222.51929205104523,54576.5923608579,55472.05513064038,895.4627697824762,0.0565139155606978,-1.0245401586810652,56.0,55023.44219307067,0.005,121012629348402.36
56353.72189349113,56382.06230261208,209.2475096384767,55576.94056243021,56780.52995461508,1203.5893921848692,-1.2143748876327398,1.994093658947519,51.0,56431.27671643729,0.01,127031430230769.23
54955.65088757397,54983.80709136798,112.80113942431734,54630.22203306374,55181.668160975336,551.4461279115931,-0.955599609795124,0.4945424212009528,56.0,54993.77667593056,0.005,120805451542958.58
57081.60946745563,57416.08210533367,578.6450006985677,55933.17473757256,57743.42152483489,1810.246787262331,-0.5374576398562289,-1.3289474431011357,62.0,57222.75128825349,0.005,130345798777278.14
55525.562130177525,55470.423051668986,258.3529716766601,55099.20921386103,56072.81703514304,973.6078212820066,0.1788328692892913,-1.2989710187122725,46.0,55620.26690894649,0.005,123326191845207.12
55737.95266272189,56066.50735407576,725.9021549682723,54703.58334024254,56774.65075037149,2071.067410128948,-0.3007707717837543,-1.7356941368590852,49.0,55810.69091308231,0.005,124289852038816.62
58026.775147929,57943.83233704209,395.3307315544428,57130.769134572,59200.73222694208,2069.9630923700824,0.7744036750549471,0.4780314703000501,48.0,58076.09849615729,0.005,134690516818224.92
61497.46625766871,61652.93563593255,436.1039202180544,60328.91079690779,62010.31625491825,1681.405458010464,-1.2364772262772303,0.6573626245168169,49.0,61542.54928708218,0.005,151285141709693.34
51098.96449704142,51115.83938183096,268.91524133742365,50449.27929445031,51733.43823489154,1284.1589404412298,-0.2103278721197028,-0.7613063444210502,52.0,51154.246463616095,0.01,104447059523076.9
53179.37869822486,53162.4245417521,203.3530140018352,52766.77876808993,53568.52060017317,801.7418320832367,0.0460281719018032,-1.2238979058507875,50.0,53233.85387251607,0.005,113123506847100.64
53744.7278106509,53748.43110194141,93.40303579857851,53384.61578533806,53930.65718548059,546.0414001425306,-1.091914518594702,2.578161329632274,57.0,53763.09590052543,0.025,115540179662721.88
54809.05917159763,54493.20367284391,510.8775569111702,54224.04414048712,56043.97490935772,1819.930768870603,0.4777741546662565,-1.3862319658589497,48.0,54856.81529370922,0.005,120171758526153.84
49404.66272189349,51849.75848465715,4600.367436942678,37661.02874368729,54589.40480094701,16928.376057259724,-0.8672251695454903,-0.5725915476676993,51.0,49775.87274227983,0.005,98479363168757.4
54252.85798816569,54265.95270376967,1253.1488542222571,49321.17936033097,56266.80973349757,6945.630373166598,-1.255747726393086,2.1722011390164884,49.0,54438.02119874387,0.005,117797719277396.44
55181.81065088757,55296.926224569135,518.9409216117404,54252.28997893988,56109.98714571473,1857.6971667748512,-0.2950641661686796,-1.232738174363211,47.0,55279.60321897835,0.005,121812061055621.34
52027.16568047337,52083.264019406095,219.15871097749672,51462.96038736992,52605.770777878686,1142.8103905087628,-0.4778345440952313,-0.1445200712637668,44.0,52065.06046506173,0.005,108274959971360.94
50116.50887573965,50158.4111233061,1052.5696936452223,48103.29998846495,52742.82385190782,4639.523863442875,-0.177033667207324,-0.8810871542147485,48.0,50246.766299840674,0.01,100510894594082.84
55034.41420118344,55056.26786269034,180.30482089334308,54624.48593953914,55396.6556401876,772.169700648461,-0.2944710988825396,-1.0208478071119422,56.0,55050.56833851423,0.005,121152770251834.31
59916.928994082846,60111.65172490466,389.6979193310361,58974.12826416032,60340.26085501744,1366.1325908571162,-0.8377411221899628,-0.7329675518183785,55.0,59933.37188597964,0.005,143607609782011.84
58094.579881656806,58379.372306429,1499.625261221045,53343.3816154078,60769.219711920734,7425.838096512933,-0.6707787770425947,-0.17570728826289,42.0,58435.260458245386,0.01,135089163502011.84
59294.7100591716,59560.34359459314,746.3561771388048,57162.01091277014,60092.672851349584,2930.66193857944,-1.308747902893678,0.417857230906014,58.0,59440.75655377061,0.005,140656787541775.14
54925.02366863904,55241.49387125216,692.1473998422819,53298.01469468664,55694.54650566791,2396.531810981265,-1.0531495664620567,-0.2306727002122834,52.0,55176.60421104887,0.005,120689491720946.72
52381.67455621302,52489.05970681029,297.1457027159455,51408.18882375133,52801.79174730597,1393.6029235546305,-0.6576639282707207,-0.6053158537256791,52.0,52451.30735099949,0.005,109757124995266.28
54795.57396449704,54828.522412562605,171.10246982478046,54339.75283871961,55010.47411595937,670.7212772397615,-0.937889222447993,-0.2403908910586341,58.0,54835.36545962416,0.005,120103368086153.88
61315.017751479296,61334.45631125065,143.6781195998473,60818.00000000004,61609.64549053303,791.6454905329883,-0.6356595525232566,0.5835863799070267,46.0,61385.12062132459,0.015,150382081810650.88
43597.27810650888,43642.03759085297,1329.0978787047543,39814.208295059216,48244.11300058336,8429.904705524139,0.2532859108574331,0.3162214619981691,43.0,43973.82975554781,0.005,76099566378698.19
52351.90532544381,52533.01220453152,1124.9326251625348,41497.26129639833,53236.41025237204,11739.14895597371,-6.816571973399477,53.042267632683405,79.0,52644.06990020636,0.01,109679498584615.42
62796.55621301776,62822.70056749631,344.30009371535897,61889.74307575555,63453.36395884032,1563.620883084768,-0.4945021230389216,-0.5542540757572896,42.0,62929.86705351907,0.01,157741040590769.34
58083.02958579882,58153.30443159333,243.4585229132829,57136.73794400666,58543.82312460617,1407.0851805995117,-1.0536106347317478,1.0191591256958583,42.0,58265.27121880408,0.005,134947903916686.44
54593.67455621302,55716.0899304183,2807.28997865626,39509.26058516827,56733.136070650966,17223.8754854827,-2.9424563530482613,8.960707318914928,43.0,54738.08772717097,0.005,119534007142958.6
53661.579881656806,53665.706192228834,329.76051173269764,52785.26503798918,54411.977901011,1626.7128630218212,-0.1337350216086682,-0.6685545361670031,42.0,53879.17680057202,0.005,115186955895621.28
56446.011834319535,56805.81959819688,769.2981815704769,54413.05812171543,57158.13122855551,2745.0731068400783,-1.1878342480910775,-0.0088332815483367,54.0,56517.64147780835,0.005,127469762867692.31
62746.51479289941,62713.6056645412,172.58360829515755,62245.62140897893,63174.99391619884,929.3725072199086,0.2461882550944114,0.4102969643044525,46.0,62817.09703309158,0.01,157486196150295.9
55072.97023809524,55109.98187378018,142.2123661631107,54707.13935770426,55331.094201571774,623.954843867512,-0.6724385436235768,-0.4169178358533139,54.0,55087.80092573888,0.005,121322091008128.52
55900.72189349113,56052.46745128562,542.4537715367103,54556.49148007076,56697.98446551587,2141.492985445104,-0.5404270547907011,-0.9198175325971,49.0,55925.025702218656,0.005,125007398572307.77
57513.0,57526.26074587535,223.8825150184221,56926.99412389677,58348.23264290563,1421.2385190088537,0.0609677585526894,0.8770912783506692,39.0,57596.541802062406,0.01,132311811695221.23
54813.34319526628,54882.27988669688,259.2946063224184,54201.24512523859,55200.10448580844,998.8593605698552,-0.8699128904025686,-0.3627267777780667,49.0,54858.73070139803,0.005,120182793037396.48
64482.03550295858,64594.08125754731,304.2027876559402,63833.75449046359,64962.09095842281,1128.3364679592196,-0.5184022451243594,-0.8817716358711212,43.0,64547.36838024593,0.005,166321017677633.2
51240.4201183432,51094.53862043259,1412.418298776787,48607.05238325163,55450.34276177801,6843.290378526384,1.1805538187489777,1.6721048334731554,46.0,51425.08378997824,0.01,105103023174201.2
54368.98224852071,54365.27487859974,234.69109682194704,53848.66418670164,54785.23125792566,936.5670712240244,-0.2190382923262758,-0.8665276705494995,53.0,54431.72245103807,0.005,118241652426035.56
60831.313609467456,60825.14076962783,565.9930811602654,59408.47375632279,61684.44104675174,2275.9672904289478,-0.2247595320644386,-1.087640533563902,45.0,61018.67510656601,0.005,148030762544852.16
57235.94674556213,56926.30418211864,564.3822853597308,56407.52896618602,58574.00000000004,2166.471033814014,0.7126168897688997,-0.9806044735056014,52.0,57255.19638781797,0.005,131050885088994.14
55054.224852071005,55131.9132461022,159.3628113913798,54619.19115077285,55232.00000000005,612.8088492272,-1.4939072236156925,1.0223672085291875,53.0,55073.56708861353,0.005,121239722822721.92
55647.67455621302,55772.59793422518,649.4000102989512,54161.60861313663,56737.68889873521,2576.080285598575,-0.5998991776610275,-0.5592293413902851,48.0,55772.87537326871,0.005,123883416155502.95
60130.09467455622,60005.607428634976,340.7854005992325,59637.77337856291,60826.83980010922,1189.0664215463112,0.4168410994026486,-1.139724540313265,47.0,60222.49328094762,0.005,144629776810414.22
52883.00591715977,52882.11501162278,82.32842995702596,52600.5945792896,53184.554174286575,583.9595949969807,0.4171351584864716,2.637790939202981,58.0,52905.03467131525,0.015,111864763712189.31
59092.09467455622,59098.56924509549,141.394795088603,58759.00000000004,59435.876530655565,676.8765306555288,-0.0302829130581572,-0.2060237198854468,45.0,59133.03161615913,0.005,139675825820591.77
56759.13609467456,56661.317203929866,517.3631132441644,55945.61673495358,57602.00636432399,1656.3896293704092,0.1356764291559305,-1.3885295552369037,42.0,56766.99544584569,0.005,128874687792189.38
57918.19018404908,57847.56315953989,244.9068823204883,57484.42732453176,58374.22531002792,889.7979854961595,0.2752805400528514,-1.065898607121934,39.0,57982.78613329957,0.005,134183069343067.48
60800.23417721519,60841.10261357794,306.963024955962,60087.08420541216,61539.99986713698,1452.9156617248227,-0.3598318897465294,-0.3415755246042447,38.0,61009.62135798781,0.005,147870508092115.84
56947.24852071006,56838.18938015731,346.6757566506361,56662.88321427701,58074.763273347904,1411.8800590708995,1.971695708031278,2.648490019393585,52.0,56948.3617176161,0.005,129724371926390.56
56574.2899408284,56583.37093992267,427.0905201289545,55733.39563379166,57232.4806522319,1499.085018440237,-0.1613904734433874,-1.4034717294263093,49.0,56600.48320865101,0.005,128033307544852.08
56000.03067484664,56298.35862362962,579.3598903053582,54785.6640677157,56861.50331457567,2075.8392468599704,-0.6234476195409594,-1.09608876173713,47.0,56159.92819440009,0.005,125453563738650.36
59768.07692307693,60360.34529239426,1356.313184932338,57259.93682481964,61542.27721439466,4282.340389575016,-0.5248424951039499,-1.354826578654511,51.0,60043.42956228276,0.005,142962504181538.5
59597.96449704142,59629.04469367555,484.9882435406826,58366.02798998242,60889.58490449844,2523.556914516019,0.0619158225712956,0.0606346066214844,35.0,59793.73912712397,0.02,142086103431479.34
56778.13609467457,56756.53738314082,219.14049247625996,56333.27450292325,57537.24123232795,1203.966729404703,0.5725344643594487,0.2163757758804698,43.0,56829.28311745707,0.01,128952190437633.16
51029.34319526628,50988.15181007427,401.6822767409355,49949.468026240094,52228.00215427924,2278.534128039144,0.3676582674429372,0.5115019234429234,48.0,51259.42161124983,0.005,104166208623668.66
53760.686390532544,53689.70520511941,222.3334344784265,53449.2758139022,54261.33339082976,812.0575769275601,0.7929400624291596,-0.698529390475815,52.0,53830.20419419383,0.005,115610433333491.14
51352.50887573965,51346.03667222324,145.18847649935606,50998.23048376788,52087.080456012416,1088.8499722445413,0.8571238773569864,3.470898232161754,51.0,51418.93340113298,0.02,105484049901065.12
57922.079754601225,57647.781146513575,950.6361575643172,56260.17581551973,59582.99999999993,3322.824184480196,0.1923532635990134,-1.2709157866234413,41.0,58208.87496169226,0.005,134234841288098.14
55962.34319526628,55881.69021801758,389.50110781131207,55372.7167186716,57337.05837340732,1964.341654735712,0.7310396322487702,0.6048097186395118,53.0,56090.5442959602,0.005,125277422680710.08
60668.00591715977,60914.52361576333,866.9358029032614,56726.74206169119,61812.58829552386,5085.846233832672,-1.6307113074202817,3.5367861325731846,36.0,61026.3147153684,0.005,147254340786035.5
60229.74846625767,60224.06605687267,246.96899642877264,59772.51331105999,60874.88498728679,1102.3716762268014,0.0879085125330022,-0.8633911354123978,46.0,60222.826739894925,0.005,145107343759754.62
49554.34911242603,50029.82040213648,2006.0044369834875,46132.695206604,51983.68806153645,5850.992854932454,-0.3742854533045068,-1.4079027182000758,32.0,49804.6177362747,0.005,98386302790295.84
56712.301775147935,57067.802394857004,1222.029231023602,53599.50474329692,58087.24876901989,4487.744025722968,-0.8573962063400973,-0.3278337975282523,41.0,56537.53541896993,0.005,128711141123076.95
48098.86390532546,48028.27297242696,278.7631162283908,47397.00000000004,48667.082518964016,1270.08251896398,0.4452352933653467,-0.3893502695797743,41.0,48195.55027457939,0.005,92543136714319.56
56927.8402366864,57174.797706295285,638.0113643994935,54838.42195855344,57592.71022803325,2754.28826947981,-1.2575119712041871,0.6955027938770555,52.0,57132.54738716075,0.005,129647442100591.7
50007.218934911245,50039.16760658083,487.97560868454514,48900.42786445353,50959.741214375645,2059.313349922115,-0.2437478082671092,-0.7718631826675795,46.0,50105.800594061584,0.005,100038402631952.72
50007.218934911245,50039.16760658083,487.97560868454514,48900.42786445353,50959.741214375645,2059.313349922115,-0.2437478082671092,-0.7718631826675795,46.0,50105.800594061584,0.005,100038402631952.72
51401.94674556213,51369.87855430474,295.0571955456351,50827.66036716031,52726.60977367099,1898.9494065106849,1.219604211832215,3.124108939503481,51.0,51487.93996365083,0.005,105689887519289.98
51886.041420118345,52203.86564239455,1228.7515931116086,48434.18342132134,53472.73698378743,5038.553562466092,-0.9235738583641006,-0.161644452381577,55.0,52009.07908925175,0.005,107746844989112.44
44082.47337278106,43351.96944758155,3009.383746436249,40371.37523546658,51361.72562542203,10990.350389955447,0.8094936016445214,-0.5470678887487095,44.0,44116.47370260041,0.005,78092833967810.66
57452.40236686391,57620.11445577798,867.5759695571203,55287.53858876095,58595.49315955587,3307.954570794922,-0.7161225489552491,-0.4158241652785879,53.0,57620.657771492886,0.005,132061249031479.34
57452.40236686391,57620.11445577798,867.5759695571203,55287.53858876095,58595.49315955587,3307.954570794922,-0.7161225489552491,-0.4158241652785879,53.0,57620.657771492886,0.005,132061249031479.34
57398.1952662722,57445.53573505808,237.98551191809332,56783.00270037964,57698.91982398405,915.9171236044132,-0.7703521184910159,-0.50101460987745,46.0,57467.662101529866,0.005,131784378277159.78
55881.46153846154,56049.93038370891,504.7550111705447,54523.49991441192,56586.18464755695,2062.684733145033,-1.189334017338331,0.401630448753675,39.0,55897.888686210135,0.005,124919700851834.3
55163.96449704142,57060.65000195445,3070.9878658360626,46818.68685640227,59433.49989785392,12614.813041451647,-0.8603789393069408,-0.7360995571246551,54.0,55507.45188111033,0.005,122099757820118.36
57835.78106508876,57851.05448460152,160.18112712683302,57346.56484337676,58131.037427825344,784.4725844485874,-0.53653402733248,-0.312674037975722,50.0,57971.001554718736,0.2,133800129176094.72
54136.4201183432,54247.18553645167,755.0558393536198,52437.17202500054,55085.48813448512,2648.316109484585,-0.5507449650449368,-1.058633179622227,42.0,54399.16718330168,0.005,117252883702011.86
54419.63905325445,54542.79231965031,381.4692165936444,53447.00000000004,55016.75740925247,1569.75740925243,-0.6437545624376079,-0.7076428162248303,49.0,54518.280303208725,0.005,118465705337988.2
55736.47928994083,55713.04713672257,136.46618189816678,55410.11859685069,56067.24244313616,657.1238462854672,0.3487198103846127,-0.4682969528099585,54.0,55760.976848231214,0.005,124262949866272.22
57190.07100591716,57201.18594286053,257.16804475319987,56678.219884179656,57892.53179358156,1214.3119094019055,0.0533349456369858,-0.6277003990615508,45.0,57240.80730904964,0.005,130830814282603.56
49835.5325443787,49857.3563838584,212.0426449099075,49337.93141040006,50228.90252499419,890.9711145941328,-0.4484755684557778,-0.6522388606549145,49.0,49910.66594909337,0.005,99345010642603.58
49505.04733727811,49441.9279322253,295.1989763346177,48939.85797529924,50148.10862243769,1208.250647138455,0.5490351082143791,-0.5814919904998601,49.0,49564.256032098216,0.01,98033474172071.05
50115.78698224852,50441.07238363898,844.2561738997331,46411.75510282754,50855.751817432734,4443.996714605193,-2.079106672320855,4.36860272473825,54.0,50310.38504204514,0.005,100492194933491.12
53104.23668639053,53099.94959061621,121.83936783124614,52831.6212113978,53474.90996433975,643.2887529419531,0.5174746296691957,0.4221282935320625,38.0,53166.75507541702,0.005,112802991955029.66
58609.56213017752,58840.66666892595,434.8549074329697,57646.33177034024,59099.61367378329,1453.2819034430504,-0.9751289766178268,-0.5952226382841861,44.0,58663.06433936161,0.005,137410794875266.34
56646.863905325445,56632.24378922908,137.3414927116011,56339.32779209302,56889.06994641115,549.7421543181335,-0.0957392244104259,-1.2102985945728828,49.0,56701.55874607425,0.005,128355442119763.38
54669.579881656806,55067.90796606001,1536.0696698396107,51058.0156197788,56566.93926608073,5508.923646301933,-0.5796808884050381,-0.8639963639786918,45.0,54877.28044029586,0.005,119644898978698.2
57287.79289940828,57295.050641612106,141.0979296389491,57051.05766702988,57640.14750142572,589.0898343958397,0.0111023367997792,-1.2018175328032972,46.0,57335.36136402115,0.005,131276444956449.69
55422.82248520712,55423.70967465594,287.1779716889998,54585.91203057189,56469.14618537206,1883.2341548001716,0.028112573994785,1.217840918692186,56.0,55519.03639701225,0.005,122870868936568.08
59571.5976331361,59369.64825800313,611.9545204852436,58542.06220920978,60903.607675949504,2361.5454667397207,0.4890417858467981,-0.8498599384520005,41.0,59667.28837998402,0.005,141965989315976.34
54642.18343195266,55155.123409415726,1234.8953512273406,50731.56039556304,55978.95597430569,5247.395578742646,-1.1018087822253826,0.3509602155468059,31.0,54706.05853357724,0.005,119491727069585.8
56705.47337278108,56914.72581695162,1597.2829299052585,53435.3615913865,58730.53173459833,5295.170143211828,-0.4938718994704291,-1.0451449640746664,30.0,56897.0915170452,0.005,128722480927573.98
53077.73372781065,53083.39661641934,143.8352735035952,52672.66948935197,53417.39737303645,744.7278836844853,-0.5557911292529074,0.1034668504156215,49.0,53111.61441835242,0.005,112690660250650.88
61100.8402366864,61015.101246887614,802.0348407134711,59505.00984126968,62252.07664824154,2747.0668069718595,-0.1458289438234712,-1.1733254451709787,44.0,61438.64769068449,0.005,149358237500591.75
60592.6449704142,60776.29052066447,644.4018955186832,59336.72834325176,61316.31626944998,1979.587926198219,-0.5569728131029151,-1.1779873086365469,55.0,60840.08991744412,0.005,146875355132544.4
58478.26035502959,58559.6833418832,250.8449690295718,57830.86782267889,58914.08512736822,1083.2173046893297,-0.5068093133860684,-0.8934380419870922,44.0,58494.31675547036,0.005,136790794293964.52
57020.90532544378,57226.65881125091,1078.9895187485722,53411.82136883463,58635.5129270331,5223.691558198472,-0.6239750941826808,-0.1228844387636933,47.0,57359.29041908646,0.01,130101914500591.78
61027.56213017752,61440.53672889802,1484.5308816079014,54448.57407791536,62735.11053223981,8286.536454324443,-2.076487879792916,5.159843642042613,48.0,61374.21376612692,0.005,149062686859644.94
55002.27218934911,55669.80672818997,2438.34905525482,48082.00126121914,58423.42214091481,10341.420879695666,-0.8896238870640509,-0.2557076891841272,41.0,55084.98105381893,0.005,121247819684260.38
61195.18934911243,61261.55275414507,484.2248117237743,59859.37916274984,62043.36123032992,2183.98206758008,-0.5687949540775974,-0.1124297450566929,38.0,61288.08182808454,0.005,149803426925680.53
64102.09467455622,64149.03996724977,670.4358490736594,62141.1436103587,65113.46679832238,2972.3231879636805,-0.8560385045069994,0.4370746006143529,41.0,64199.1035249101,0.005,164381121035739.66
46573.55621301776,47045.18778125303,2305.8116846235744,41113.86059511965,51518.65395927805,10404.79336415841,-0.5769298365864691,-0.4098864266019548,50.0,47291.24217867376,0.005,86976516234082.89
57049.62941176471,57046.25081298215,64.00621198766353,56913.53549176972,57176.40411280121,262.8686210314918,0.0171524246135404,-1.184356576978622,49.0,57065.71060328052,0.005,130186572512594.48
57200.40236686391,57199.87770726831,583.9007810617935,54873.36629872271,58586.61692057357,3713.250621850857,-0.4250810803870717,1.1486942730147565,44.0,57342.65398003124,0.005,130889078842130.23
51218.50295857989,51214.504693553456,3021.61831541876,45442.45176631712,56869.98464182202,11427.532875504903,-0.2026968616315653,-0.935746874057807,49.0,51311.701237190704,0.005,105298608902485.22
52332.11834319528,53621.459745026514,2439.5483062767207,46801.68042296374,54983.921633433325,8182.241210469583,-0.994996259164464,-0.6031997821755004,46.0,52805.87883699154,0.005,109784080248994.08
54526.89349112426,56044.53033129011,4439.15072377805,40658.38419039764,57313.67076197936,16655.286571581724,-2.272435424296264,3.48912116746882,63.0,55226.61343217769,0.005,119715526917633.12
58795.05325443787,58777.16998160405,251.64072868985545,58222.9083515896,59559.42426920409,1336.5159176144953,0.2849236084565268,-0.2626172466349734,52.0,58846.03290201757,0.005,138276864409940.88
56355.15384615386,56731.62778619254,1053.8873040814826,53657.554940733215,57928.612475866736,4271.057535133521,-0.680028733999675,-0.4357198615560249,45.0,56556.07576163479,0.005,127080561738934.92
52445.01775147929,52781.96241873177,1868.030762241075,48688.84693596456,56053.86780283199,7365.020866867424,-0.29243007502897,-0.9633899019080934,51.0,52534.54264421815,0.005,110158777035266.28
59715.1301775148,60108.79126412479,1478.741138886344,56189.64301061368,61846.51640455395,5656.873393940266,-0.8659339436422111,-0.369562884898762,58.0,59873.40776482704,0.005,142723337898934.9
59109.44970414202,59117.87115488344,207.6503351105148,58354.81659587277,59568.092517354526,1213.275921481756,-0.6054913804514832,1.4764947916155595,45.0,59110.72347344653,0.01,139758806519526.72
54539.79881656806,54724.85051401114,750.8698354715565,52683.14374877874,55478.779251968896,2795.635503190155,-0.6928334738982342,-0.7059503966905587,45.0,54595.932232855615,0.005,119006138418461.56
58452.591715976334,58478.473287429486,115.35796688174943,58064.77867212644,58688.80862079936,624.02994867292,-1.1987974798843604,1.0706485630024165,51.0,58496.84081118092,0.005,136668751431005.95
39347.85798816568,38960.55893109366,3229.085107382617,33829.396971274655,48568.37559055344,14738.97861927878,0.8223439731515262,0.1978260399921017,47.0,39650.812724376425,0.005,62347236755502.95
44001.10059171599,44073.42704622613,476.10445431624566,42996.85366923928,45515.87278314453,2519.019113905248,-0.0998302065865847,0.1787818371865115,47.0,44056.21496319296,0.01,77452941149349.1
59389.24260355031,59743.29480197541,1100.3408214694375,57199.88142090581,60956.67734762487,3756.795926719067,-0.5268032915173835,-1.1684068881391638,44.0,59566.43890484658,0.005,141131715477869.84
57088.31952662723,56991.73981235859,333.9434344756048,56412.07348123,58029.4807115302,1617.407230300203,0.665681479193343,0.0924811106313172,50.0,57135.37103555637,0.005,130367509783668.69
54797.56804733729,55017.71687721874,1564.8686079548224,51799.108238770335,57035.382344995785,5236.27410622545,-0.5814615103945832,-0.9517059544229548,38.0,54986.21370949265,0.005,120208891106508.88
54834.224852071005,54924.715794315365,309.2523093877609,53906.16553053047,55417.93652428774,1511.770993757273,-1.566465956711992,1.851351168950408,44.0,54946.91556166922,0.015,120275514084733.8
42298.4852071006,42853.58443611509,1493.1216143056167,39875.93198284831,45267.23732444426,5391.305341595951,-0.1407572164483069,-1.4927349595194184,49.0,42499.07008944094,0.005,71655650518816.6
45110.928994082846,45392.37455507483,2843.209994334088,39825.13807437932,53690.790258720815,13865.652184341496,0.3456100309205806,0.4115397541576411,36.0,45233.75516115267,0.005,81723190311242.62
45093.63905325445,44836.95077164428,1193.5927392179842,42536.953469509,48123.64885868198,5586.695389172986,0.6553860764017031,-0.0243537005947853,50.0,45366.36079425327,0.015,81394437867692.36
48726.20710059172,49234.14959574393,1191.2780014068828,45038.61630039945,50273.29209251565,5234.675792116199,-1.1914524799451534,0.5440556263310068,55.0,48941.3982484664,0.005,95026496067455.62
57330.86390532546,57626.98969780533,572.6285384232077,55952.49224101323,57832.42062087994,1879.9283798667168,-1.0903327220256571,-0.3455455456575058,50.0,57483.98153053145,0.005,131486234382958.6
49260.31952662723,50469.78100229964,3011.556405040917,44128.67624624368,52988.53567110936,8859.859424865681,-0.3661559988586255,-1.5869926891829145,53.0,49492.699421333135,0.005,97425942073846.2
57405.66272189349,57312.9842624528,460.2487092965703,56343.51796055323,58389.69189727915,2046.1739367259213,0.1349690602954796,-0.8155990005509284,57.0,57512.39492541351,0.005,131824877656568.05
54666.18934911243,54758.53223019608,1179.3353005524611,52312.46846147025,56993.91685116292,4681.448389692669,-0.1742575808627302,-1.16171478118169,34.0,55077.50250986755,0.01,119591323588165.72
39961.87573964497,39696.93932549325,1189.5328365264895,38539.103636112566,45266.77676675176,6727.673130639196,2.3436228583405216,6.780310920618948,48.0,40134.71549529551,0.005,63934660040000.0
58637.715976331376,59168.540416859134,1549.8869444679897,55298.931408295146,61084.56463679026,5785.633228495113,-0.5595379782310119,-0.9378991794026938,56.0,59013.22369808725,0.005,137631355378461.58
53842.46153846154,53906.34821290892,353.28155625246575,53212.199605840615,54519.73778766853,1307.538181827913,-0.2151118377273872,-1.2164427693539657,53.0,53913.5625814792,0.005,115965418895147.9
44995.10059171599,42327.761048679866,4136.145396545026,40480.15412567416,54007.31403435477,13527.159908680602,0.6483912198850236,-1.0614276779924514,49.0,45368.07627465637,0.005,81666671040000.05
57833.62130177514,57869.40405275594,258.1735318811493,57246.412876809714,58329.99665851906,1083.5837817093488,-0.4490954761446563,-0.6985209819861757,48.0,57870.9517860194,0.005,133791776257988.12
45730.041420118345,45570.54083989341,1021.1203810540164,43412.95688860794,51209.796899992805,7796.840011384862,2.3750152428439057,7.777989946098231,49.0,45966.50047302271,0.01,83691175004733.72
54768.449704142025,55225.26665241312,988.6088600855048,51880.71266268433,55950.274688346144,4069.562025661813,-1.13321904281695,0.2945281425705595,53.0,54926.44764174236,0.015,120022417218934.98
42078.78698224852,42417.65332383875,1459.839657101398,39464.785948770455,45241.48925449749,5776.703305727038,-0.0910178703781373,-1.369741560190411,50.0,42356.43866281709,0.005,70910217828875.72
51462.27218934911,51368.78239177194,393.4548046591996,50748.63959491942,52447.20161240181,1698.5620174823923,0.971799879432928,0.2057400318959379,43.0,51552.87744373564,0.01,105940810622958.58
59047.023668639056,59115.38574276025,320.7497863994562,58313.35230806028,60220.94796362323,1907.5956555629527,-0.0170727546651053,0.7447721347555256,52.0,59137.48110035155,0.005,139466155382011.8
59224.00591715977,59448.390740631774,788.6329682081976,56790.05634362585,60195.2355602632,3405.179216637349,-1.3945377147908,1.0262508032077182,44.0,59323.0884593981,0.005,140324192753372.77
51116.50295857989,51114.71156373736,89.70973074345797,50915.89136742552,51307.40480285008,391.51343542456016,0.0508636408282562,-0.6970141966261978,49.0,51151.17690387103,0.01,104516196902011.84
52143.81065088757,52194.0610319362,288.1784861618869,51516.75253642281,52562.478997157785,1045.7264607349716,-0.5786276662424407,-0.9850777340526568,53.0,52183.50430315391,0.005,108762401441420.12
55118.15384615385,55362.14336733524,692.9009850966632,53449.629824341806,55880.75945517363,2431.129630831827,-0.6694407357642846,-1.004605800943498,35.0,55309.535751816016,0.005,121539639807337.28
53238.14201183433,53315.52650424013,170.63862974958852,52829.66839504023,53554.36033967929,724.6919446390602,-0.7730193397647515,-0.4506185455589659,53.0,53247.85783775168,0.005,113373155296568.05
